SET FOREIGN_KEY_CHECKS=0;
-- 系统用户管理库
CREATE database IF NOT exists `c_system` CHARACTER SET utf8 COLLATE utf8_general_ci;
use `c_system`;

-- ----------------------------
-- Table structure for admin
-- ----------------------------
DROP TABLE IF EXISTS `admin`;
CREATE TABLE `admin` (
  `id` bigint(20) NOT NULL AUTO_INCREMENT,
  `username` varchar(64) DEFAULT NULL,
  `password` varchar(64) DEFAULT NULL,
  `icon` varchar(500) DEFAULT NULL COMMENT '头像',
  `email` varchar(100) DEFAULT NULL COMMENT '邮箱',
  `nick_name` varchar(200) DEFAULT NULL COMMENT '昵称',
  `note` varchar(500) DEFAULT NULL COMMENT '备注信息',
  `create_time` datetime DEFAULT NULL COMMENT '创建时间',
  `login_time` datetime DEFAULT NULL COMMENT '最后登录时间',
  `status` int(1) DEFAULT '1' COMMENT '帐号启用状态：0->禁用；1->启用',
  PRIMARY KEY (`id`)
) ENGINE=InnoDB AUTO_INCREMENT=9 DEFAULT CHARSET=utf8 COMMENT='后台用户表';

-- ----------------------------
-- Records of admin
-- ----------------------------
INSERT INTO `admin` VALUES ('1', 'test', '$2a$10$NZ5o7r2E.ayT2ZoxgjlI.eJ6OEYqjH7INR/F.mXDbjZJi9HF0YCVG', 'http://macro-oss.oss-cn-shenzhen.aliyuncs.com/mall/images/20180607/timg.jpg', 'test@qq.com', '测试账号', null, '2018-09-29 13:55:30', '2018-09-29 13:55:39', '1');
INSERT INTO `admin` VALUES ('3', 'admin', '$2a$10$.E1FokumK5GIXWgKlg.Hc.i/0/2.qdAwYFL1zc5QHdyzpXOr38RZO', 'http://macro-oss.oss-cn-shenzhen.aliyuncs.com/mall/images/20180607/timg.jpg', 'admin@163.com', '系统管理员', '系统管理员', '2018-10-08 13:32:47', '2019-04-20 12:45:16', '1');

-- ----------------------------
-- Table structure for admin_login_log
-- ----------------------------
DROP TABLE IF EXISTS `admin_login_log`;
CREATE TABLE `admin_login_log` (
  `id` bigint(20) NOT NULL AUTO_INCREMENT,
  `admin_id` bigint(20) DEFAULT NULL,
  `create_time` datetime DEFAULT NULL,
  `ip` varchar(64) DEFAULT NULL,
  `address` varchar(100) DEFAULT NULL,
  `user_agent` varchar(100) DEFAULT NULL COMMENT '浏览器登录类型',
  PRIMARY KEY (`id`)
) ENGINE=InnoDB AUTO_INCREMENT=196 DEFAULT CHARSET=utf8 COMMENT='后台用户登录日志表';

-- ----------------------------
-- Records of admin_login_log
-- ----------------------------
INSERT INTO `admin_login_log` VALUES ('1', '3', '2018-12-23 14:27:00', '0:0:0:0:0:0:0:1', null, null);

-- ----------------------------
-- Table structure for admin_permission_relation
-- ----------------------------
DROP TABLE IF EXISTS `admin_permission_relation`;
CREATE TABLE `admin_permission_relation` (
  `id` bigint(20) NOT NULL AUTO_INCREMENT,
  `admin_id` bigint(20) DEFAULT NULL,
  `permission_id` bigint(20) DEFAULT NULL,
  `type` int(1) DEFAULT NULL,
  PRIMARY KEY (`id`)
) ENGINE=InnoDB DEFAULT CHARSET=utf8 COMMENT='后台用户和权限关系表(除角色中定义的权限以外的加减权限)';

-- ----------------------------
-- Records of admin_permission_relation
-- ----------------------------

-- ----------------------------
-- Table structure for admin_role_relation
-- ----------------------------
DROP TABLE IF EXISTS `admin_role_relation`;
CREATE TABLE `admin_role_relation` (
  `id` bigint(20) NOT NULL AUTO_INCREMENT,
  `admin_id` bigint(20) DEFAULT NULL,
  `role_id` bigint(20) DEFAULT NULL,
  PRIMARY KEY (`id`)
) ENGINE=InnoDB AUTO_INCREMENT=31 DEFAULT CHARSET=utf8 COMMENT='后台用户和角色关系表';

-- ----------------------------
-- Records of admin_role_relation
-- ----------------------------
INSERT INTO `admin_role_relation` VALUES ('26', '3', '5');
INSERT INTO `admin_role_relation` VALUES ('27', '6', '1');
INSERT INTO `admin_role_relation` VALUES ('28', '7', '2');
INSERT INTO `admin_role_relation` VALUES ('29', '1', '5');
INSERT INTO `admin_role_relation` VALUES ('30', '4', '5');

-- ----------------------------
-- Table structure for growth_change_history
-- ----------------------------
DROP TABLE IF EXISTS `growth_change_history`;
CREATE TABLE `growth_change_history` (
  `id` bigint(20) NOT NULL AUTO_INCREMENT,
  `member_id` bigint(20) DEFAULT NULL,
  `create_time` datetime DEFAULT NULL,
  `change_type` int(1) DEFAULT NULL COMMENT '改变类型：0->增加；1->减少',
  `change_count` int(11) DEFAULT NULL COMMENT '积分改变数量',
  `operate_man` varchar(100) DEFAULT NULL COMMENT '操作人员',
  `operate_note` varchar(200) DEFAULT NULL COMMENT '操作备注',
  `source_type` int(1) DEFAULT NULL COMMENT '积分来源：0->购物；1->管理员修改',
  PRIMARY KEY (`id`)
) ENGINE=InnoDB AUTO_INCREMENT=2 DEFAULT CHARSET=utf8 COMMENT='成长值变化历史记录表';

-- ----------------------------
-- Records of growth_change_history
-- ----------------------------
INSERT INTO `growth_change_history` VALUES ('1', '1', '2018-08-29 17:16:35', '0', '1000', 'test', '测试使用', '1');

-- ----------------------------
-- Table structure for integration_change_history
-- ----------------------------
DROP TABLE IF EXISTS `integration_change_history`;
CREATE TABLE `integration_change_history` (
  `id` bigint(20) NOT NULL AUTO_INCREMENT,
  `member_id` bigint(20) DEFAULT NULL,
  `create_time` datetime DEFAULT NULL,
  `change_type` int(1) DEFAULT NULL COMMENT '改变类型：0->增加；1->减少',
  `change_count` int(11) DEFAULT NULL COMMENT '积分改变数量',
  `operate_man` varchar(100) DEFAULT NULL COMMENT '操作人员',
  `operate_note` varchar(200) DEFAULT NULL COMMENT '操作备注',
  `source_type` int(1) DEFAULT NULL COMMENT '积分来源：0->购物；1->管理员修改',
  PRIMARY KEY (`id`)
) ENGINE=InnoDB DEFAULT CHARSET=utf8 COMMENT='积分变化历史记录表';

-- ----------------------------
-- Records of integration_change_history
-- ----------------------------

-- ----------------------------
-- Table structure for integration_consume_setting
-- ----------------------------
DROP TABLE IF EXISTS `integration_consume_setting`;
CREATE TABLE `integration_consume_setting` (
  `id` bigint(20) NOT NULL AUTO_INCREMENT,
  `deduction_per_amount` int(11) DEFAULT NULL COMMENT '每一元需要抵扣的积分数量',
  `max_percent_per_order` int(11) DEFAULT NULL COMMENT '每笔订单最高抵用百分比',
  `use_unit` int(11) DEFAULT NULL COMMENT '每次使用积分最小单位100',
  `coupon_status` int(1) DEFAULT NULL COMMENT '是否可以和优惠券同用；0->不可以；1->可以',
  PRIMARY KEY (`id`)
) ENGINE=InnoDB AUTO_INCREMENT=2 DEFAULT CHARSET=utf8 COMMENT='积分消费设置';

-- ----------------------------
-- Records of integration_consume_setting
-- ----------------------------
INSERT INTO `integration_consume_setting` VALUES ('1', '100', '50', '100', '1');

-- ----------------------------
-- Table structure for member
-- ----------------------------
DROP TABLE IF EXISTS `member`;
CREATE TABLE `member` (
  `id` bigint(20) NOT NULL AUTO_INCREMENT,
  `member_level_id` bigint(20) DEFAULT NULL,
  `username` varchar(64) DEFAULT NULL COMMENT '用户名',
  `password` varchar(64) DEFAULT NULL COMMENT '密码',
  `nickname` varchar(64) DEFAULT NULL COMMENT '昵称',
  `phone` varchar(64) DEFAULT NULL COMMENT '手机号码',
  `status` int(1) DEFAULT NULL COMMENT '帐号启用状态:0->禁用；1->启用',
  `create_time` datetime DEFAULT NULL COMMENT '注册时间',
  `icon` varchar(500) DEFAULT NULL COMMENT '头像',
  `gender` int(1) DEFAULT NULL COMMENT '性别：0->未知；1->男；2->女',
  `birthday` date DEFAULT NULL COMMENT '生日',
  `city` varchar(64) DEFAULT NULL COMMENT '所做城市',
  `job` varchar(100) DEFAULT NULL COMMENT '职业',
  `personalized_signature` varchar(200) DEFAULT NULL COMMENT '个性签名',
  `source_type` int(1) DEFAULT NULL COMMENT '用户来源',
  `integration` int(11) DEFAULT NULL COMMENT '积分',
  `growth` int(11) DEFAULT NULL COMMENT '成长值',
  `luckey_count` int(11) DEFAULT NULL COMMENT '剩余抽奖次数',
  `history_integration` int(11) DEFAULT NULL COMMENT '历史积分数量',
  PRIMARY KEY (`id`),
  UNIQUE KEY `idx_username` (`username`),
  UNIQUE KEY `idx_phone` (`phone`)
) ENGINE=InnoDB AUTO_INCREMENT=10 DEFAULT CHARSET=utf8 COMMENT='会员表';

-- ----------------------------
-- Records of member
-- ----------------------------
INSERT INTO `member` VALUES ('1', '4', 'test', '$2a$10$NZ5o7r2E.ayT2ZoxgjlI.eJ6OEYqjH7INR/F.mXDbjZJi9HF0YCVG', 'windir', '18061581849', '1', '2018-08-02 10:35:44', null, '1', '2009-06-01', '上海', '学生', 'test', null, '5000', null, null, null);
INSERT INTO `member` VALUES ('3', '4', 'windy', '$2a$10$NZ5o7r2E.ayT2ZoxgjlI.eJ6OEYqjH7INR/F.mXDbjZJi9HF0YCVG', 'windy', '18061581848', '1', '2018-08-03 16:46:38', null, null, null, null, null, null, null, null, null, null, null);
INSERT INTO `member` VALUES ('4', '4', 'zhengsan', '$2a$10$NZ5o7r2E.ayT2ZoxgjlI.eJ6OEYqjH7INR/F.mXDbjZJi9HF0YCVG', 'zhengsan', '18061581847', '1', '2018-11-12 14:12:04', null, null, null, null, null, null, null, null, null, null, null);
INSERT INTO `member` VALUES ('5', '4', 'lisi', '$2a$10$NZ5o7r2E.ayT2ZoxgjlI.eJ6OEYqjH7INR/F.mXDbjZJi9HF0YCVG', 'lisi', '18061581841', '1', '2018-11-12 14:12:38', null, null, null, null, null, null, null, null, null, null, null);
INSERT INTO `member` VALUES ('6', '4', 'wangwu', '$2a$10$NZ5o7r2E.ayT2ZoxgjlI.eJ6OEYqjH7INR/F.mXDbjZJi9HF0YCVG', 'wangwu', '18061581842', '1', '2018-11-12 14:13:09', null, null, null, null, null, null, null, null, null, null, null);
INSERT INTO `member` VALUES ('7', '4', 'lion', '$2a$10$NZ5o7r2E.ayT2ZoxgjlI.eJ6OEYqjH7INR/F.mXDbjZJi9HF0YCVG', 'lion', '18061581845', '1', '2018-11-12 14:21:39', null, null, null, null, null, null, null, null, null, null, null);
INSERT INTO `member` VALUES ('8', '4', 'shari', '$2a$10$NZ5o7r2E.ayT2ZoxgjlI.eJ6OEYqjH7INR/F.mXDbjZJi9HF0YCVG', 'shari', '18061581844', '1', '2018-11-12 14:22:00', null, null, null, null, null, null, null, null, null, null, null);
INSERT INTO `member` VALUES ('9', '4', 'aewen', '$2a$10$NZ5o7r2E.ayT2ZoxgjlI.eJ6OEYqjH7INR/F.mXDbjZJi9HF0YCVG', 'aewen', '18061581843', '1', '2018-11-12 14:22:55', null, null, null, null, null, null, null, null, null, null, null);

-- ----------------------------
-- Table structure for member_level
-- ----------------------------
DROP TABLE IF EXISTS `member_level`;
CREATE TABLE `member_level` (
  `id` bigint(20) NOT NULL AUTO_INCREMENT,
  `name` varchar(100) DEFAULT NULL,
  `growth_point` int(11) DEFAULT NULL,
  `default_status` int(1) DEFAULT NULL COMMENT '是否为默认等级：0->不是；1->是',
  `free_freight_point` decimal(10,2) DEFAULT NULL COMMENT '免运费标准',
  `comment_growth_point` int(11) DEFAULT NULL COMMENT '每次评价获取的成长值',
  `priviledge_free_freight` int(1) DEFAULT NULL COMMENT '是否有免邮特权',
  `priviledge_sign_in` int(1) DEFAULT NULL COMMENT '是否有签到特权',
  `priviledge_comment` int(1) DEFAULT NULL COMMENT '是否有评论获奖励特权',
  `priviledge_promotion` int(1) DEFAULT NULL COMMENT '是否有专享活动特权',
  `priviledge_member_price` int(1) DEFAULT NULL COMMENT '是否有会员价格特权',
  `priviledge_birthday` int(1) DEFAULT NULL COMMENT '是否有生日特权',
  `note` varchar(200) DEFAULT NULL,
  PRIMARY KEY (`id`)
) ENGINE=InnoDB AUTO_INCREMENT=5 DEFAULT CHARSET=utf8 COMMENT='会员等级表';

-- ----------------------------
-- Records of member_level
-- ----------------------------
INSERT INTO `member_level` VALUES ('1', '黄金会员', '1000', '0', '199.00', '5', '1', '1', '1', '1', '1', '1', null);
INSERT INTO `member_level` VALUES ('2', '白金会员', '5000', '0', '99.00', '10', '1', '1', '1', '1', '1', '1', null);
INSERT INTO `member_level` VALUES ('3', '钻石会员', '15000', '0', '69.00', '15', '1', '1', '1', '1', '1', '1', null);
INSERT INTO `member_level` VALUES ('4', '普通会员', '1', '1', '199.00', '20', '1', '1', '1', '1', '0', '0', null);

-- ----------------------------
-- Table structure for member_login_log
-- ----------------------------
DROP TABLE IF EXISTS `member_login_log`;
CREATE TABLE `member_login_log` (
  `id` bigint(20) NOT NULL AUTO_INCREMENT,
  `member_id` bigint(20) DEFAULT NULL,
  `create_time` datetime DEFAULT NULL,
  `ip` varchar(64) DEFAULT NULL,
  `city` varchar(64) DEFAULT NULL,
  `login_type` int(1) DEFAULT NULL COMMENT '登录类型：0->PC；1->android;2->ios;3->小程序',
  `province` varchar(64) DEFAULT NULL,
  PRIMARY KEY (`id`)
) ENGINE=InnoDB DEFAULT CHARSET=utf8 COMMENT='会员登录记录';

-- ----------------------------
-- Records of member_login_log
-- ----------------------------

-- ----------------------------
-- Table structure for member_member_tag_relation
-- ----------------------------
DROP TABLE IF EXISTS `member_member_tag_relation`;
CREATE TABLE `member_member_tag_relation` (
  `id` bigint(20) NOT NULL AUTO_INCREMENT,
  `member_id` bigint(20) DEFAULT NULL,
  `tag_id` bigint(20) DEFAULT NULL,
  PRIMARY KEY (`id`)
) ENGINE=InnoDB DEFAULT CHARSET=utf8 COMMENT='用户和标签关系表';

-- ----------------------------
-- Records of member_member_tag_relation
-- ----------------------------

-- ----------------------------
-- Table structure for member_product_category_relation
-- ----------------------------
DROP TABLE IF EXISTS `member_product_category_relation`;
CREATE TABLE `member_product_category_relation` (
  `id` bigint(20) NOT NULL AUTO_INCREMENT,
  `member_id` bigint(20) DEFAULT NULL,
  `product_category_id` bigint(20) DEFAULT NULL,
  PRIMARY KEY (`id`)
) ENGINE=InnoDB DEFAULT CHARSET=utf8 COMMENT='会员与产品分类关系表（用户喜欢的分类）';

-- ----------------------------
-- Records of member_product_category_relation
-- ----------------------------

-- ----------------------------
-- Table structure for member_receive_address
-- ----------------------------
DROP TABLE IF EXISTS `member_receive_address`;
CREATE TABLE `member_receive_address` (
  `id` bigint(20) NOT NULL AUTO_INCREMENT,
  `member_id` bigint(20) DEFAULT NULL,
  `name` varchar(100) DEFAULT NULL COMMENT '收货人名称',
  `phone_number` varchar(64) DEFAULT NULL,
  `default_status` int(1) DEFAULT NULL COMMENT '是否为默认',
  `post_code` varchar(100) DEFAULT NULL COMMENT '邮政编码',
  `province` varchar(100) DEFAULT NULL COMMENT '省份/直辖市',
  `city` varchar(100) DEFAULT NULL COMMENT '城市',
  `region` varchar(100) DEFAULT NULL COMMENT '区',
  `detail_address` varchar(128) DEFAULT NULL COMMENT '详细地址(街道)',
  PRIMARY KEY (`id`)
) ENGINE=InnoDB AUTO_INCREMENT=5 DEFAULT CHARSET=utf8 COMMENT='会员收货地址表';

-- ----------------------------
-- Records of member_receive_address
-- ----------------------------
INSERT INTO `member_receive_address` VALUES ('1', '1', '大梨', '18033441849', '0', '518000', '广东省', '深圳市', '南山区', '科兴科学园');
INSERT INTO `member_receive_address` VALUES ('3', '1', '大梨', '18033441849', '0', '518000', '广东省', '深圳市', '福田区', '清水河街道');
INSERT INTO `member_receive_address` VALUES ('4', '1', '大梨', '18033441849', '1', '518000', '广东省', '深圳市', '福田区', '东晓街道');

-- ----------------------------
-- Table structure for member_rule_setting
-- ----------------------------
DROP TABLE IF EXISTS `member_rule_setting`;
CREATE TABLE `member_rule_setting` (
  `id` bigint(20) NOT NULL AUTO_INCREMENT,
  `continue_sign_day` int(11) DEFAULT NULL COMMENT '连续签到天数',
  `continue_sign_point` int(11) DEFAULT NULL COMMENT '连续签到赠送数量',
  `consume_per_point` decimal(10,2) DEFAULT NULL COMMENT '每消费多少元获取1个点',
  `low_order_amount` decimal(10,2) DEFAULT NULL COMMENT '最低获取点数的订单金额',
  `max_point_per_order` int(11) DEFAULT NULL COMMENT '每笔订单最高获取点数',
  `type` int(1) DEFAULT NULL COMMENT '类型：0->积分规则；1->成长值规则',
  PRIMARY KEY (`id`)
) ENGINE=InnoDB DEFAULT CHARSET=utf8 COMMENT='会员积分成长规则表';

-- ----------------------------
-- Records of member_rule_setting
-- ----------------------------

-- ----------------------------
-- Table structure for member_statistics_info
-- ----------------------------
DROP TABLE IF EXISTS `member_statistics_info`;
CREATE TABLE `member_statistics_info` (
  `id` bigint(20) NOT NULL AUTO_INCREMENT,
  `member_id` bigint(20) DEFAULT NULL,
  `consume_amount` decimal(10,2) DEFAULT NULL COMMENT '累计消费金额',
  `order_count` int(11) DEFAULT NULL COMMENT '订单数量',
  `coupon_count` int(11) DEFAULT NULL COMMENT '优惠券数量',
  `comment_count` int(11) DEFAULT NULL COMMENT '评价数',
  `return_order_count` int(11) DEFAULT NULL COMMENT '退货数量',
  `login_count` int(11) DEFAULT NULL COMMENT '登录次数',
  `attend_count` int(11) DEFAULT NULL COMMENT '关注数量',
  `fans_count` int(11) DEFAULT NULL COMMENT '粉丝数量',
  `collect_product_count` int(11) DEFAULT NULL,
  `collect_subject_count` int(11) DEFAULT NULL,
  `collect_topic_count` int(11) DEFAULT NULL,
  `collect_comment_count` int(11) DEFAULT NULL,
  `invite_friend_count` int(11) DEFAULT NULL,
  `recent_order_time` datetime DEFAULT NULL COMMENT '最后一次下订单时间',
  PRIMARY KEY (`id`)
) ENGINE=InnoDB DEFAULT CHARSET=utf8 COMMENT='会员统计信息';

-- ----------------------------
-- Records of member_statistics_info
-- ----------------------------

-- ----------------------------
-- Table structure for member_tag
-- ----------------------------
DROP TABLE IF EXISTS `member_tag`;
CREATE TABLE `member_tag` (
  `id` bigint(20) NOT NULL AUTO_INCREMENT,
  `name` varchar(100) DEFAULT NULL,
  `finish_order_count` int(11) DEFAULT NULL COMMENT '自动打标签完成订单数量',
  `finish_order_amount` decimal(10,2) DEFAULT NULL COMMENT '自动打标签完成订单金额',
  PRIMARY KEY (`id`)
) ENGINE=InnoDB DEFAULT CHARSET=utf8 COMMENT='用户标签表';

-- ----------------------------
-- Records of member_tag
-- ----------------------------

-- ----------------------------
-- Table structure for member_task
-- ----------------------------
DROP TABLE IF EXISTS `member_task`;
CREATE TABLE `member_task` (
  `id` bigint(20) NOT NULL AUTO_INCREMENT,
  `name` varchar(100) DEFAULT NULL,
  `growth` int(11) DEFAULT NULL COMMENT '赠送成长值',
  `intergration` int(11) DEFAULT NULL COMMENT '赠送积分',
  `type` int(1) DEFAULT NULL COMMENT '任务类型：0->新手任务；1->日常任务',
  PRIMARY KEY (`id`)
) ENGINE=InnoDB DEFAULT CHARSET=utf8 COMMENT='会员任务表';

-- ----------------------------
-- Records of member_task
-- ----------------------------

-- ----------------------------
-- Table structure for menu
-- ----------------------------
DROP TABLE IF EXISTS `menu`;
CREATE TABLE `menu` (
  `id` bigint(20) NOT NULL AUTO_INCREMENT,
  `parent_id` bigint(20) DEFAULT NULL COMMENT '父级ID',
  `create_time` datetime DEFAULT NULL COMMENT '创建时间',
  `title` varchar(100) DEFAULT NULL COMMENT '菜单名称',
  `level` int(4) DEFAULT NULL COMMENT '菜单级数',
  `sort` int(4) DEFAULT NULL COMMENT '菜单排序',
  `name` varchar(100) DEFAULT NULL COMMENT '前端名称',
  `icon` varchar(200) DEFAULT NULL COMMENT '前端图标',
  `hidden` int(1) DEFAULT NULL COMMENT '前端隐藏',
  PRIMARY KEY (`id`)
) ENGINE=InnoDB AUTO_INCREMENT=26 DEFAULT CHARSET=utf8 COMMENT='后台菜单表';

-- ----------------------------
-- Records of menu
-- ----------------------------
INSERT INTO `menu` VALUES ('1', '0', '2020-02-02 14:50:36', '商品', '0', '0', 'pms', 'product', '0');
INSERT INTO `menu` VALUES ('2', '1', '2020-02-02 14:51:50', '商品列表', '1', '0', 'product', 'product-list', '0');
INSERT INTO `menu` VALUES ('3', '1', '2020-02-02 14:52:44', '添加商品', '1', '0', 'addProduct', 'product-add', '0');
INSERT INTO `menu` VALUES ('4', '1', '2020-02-02 14:53:51', '商品分类', '1', '0', 'productCate', 'product-cate', '0');
INSERT INTO `menu` VALUES ('5', '1', '2020-02-02 14:54:51', '商品类型', '1', '0', 'productAttr', 'product-attr', '0');
INSERT INTO `menu` VALUES ('6', '1', '2020-02-02 14:56:29', '品牌管理', '1', '0', 'brand', 'product-brand', '0');
INSERT INTO `menu` VALUES ('7', '0', '2020-02-02 16:54:07', '订单', '0', '0', 'oms', 'order', '0');
INSERT INTO `menu` VALUES ('8', '7', '2020-02-02 16:55:18', '订单列表', '1', '0', 'order', 'product-list', '0');
INSERT INTO `menu` VALUES ('9', '7', '2020-02-02 16:56:46', '订单设置', '1', '0', 'orderSetting', 'order-setting', '0');
INSERT INTO `menu` VALUES ('10', '7', '2020-02-02 16:57:39', '退货申请处理', '1', '0', 'returnApply', 'order-return', '0');
INSERT INTO `menu` VALUES ('11', '7', '2020-02-02 16:59:40', '退货原因设置', '1', '0', 'returnReason', 'order-return-reason', '0');
INSERT INTO `menu` VALUES ('12', '0', '2020-02-04 16:18:00', '营销', '0', '0', 'sms', 'sms', '0');
INSERT INTO `menu` VALUES ('13', '12', '2020-02-04 16:19:22', '秒杀活动列表', '1', '0', 'flash', 'sms-flash', '0');
INSERT INTO `menu` VALUES ('14', '12', '2020-02-04 16:20:16', '优惠券列表', '1', '0', 'coupon', 'sms-coupon', '0');
INSERT INTO `menu` VALUES ('16', '12', '2020-02-07 16:22:38', '品牌推荐', '1', '0', 'homeBrand', 'product-brand', '0');
INSERT INTO `menu` VALUES ('17', '12', '2020-02-07 16:23:14', '新品推荐', '1', '0', 'homeNew', 'sms-new', '0');
INSERT INTO `menu` VALUES ('18', '12', '2020-02-07 16:26:38', '人气推荐', '1', '0', 'homeHot', 'sms-hot', '0');
INSERT INTO `menu` VALUES ('19', '12', '2020-02-07 16:28:16', '专题推荐', '1', '0', 'homeSubject', 'sms-subject', '0');
INSERT INTO `menu` VALUES ('20', '12', '2020-02-07 16:28:42', '广告列表', '1', '0', 'homeAdvertise', 'sms-ad', '0');
INSERT INTO `menu` VALUES ('21', '0', '2020-02-07 16:29:13', '权限', '0', '0', 'ums', 'ums', '0');
INSERT INTO `menu` VALUES ('22', '21', '2020-02-07 16:29:51', '用户列表', '1', '0', 'admin', 'ums-admin', '0');
INSERT INTO `menu` VALUES ('23', '21', '2020-02-07 16:30:13', '角色列表', '1', '0', 'role', 'ums-role', '0');
INSERT INTO `menu` VALUES ('24', '21', '2020-02-07 16:30:53', '菜单列表', '1', '0', 'menu', 'ums-menu', '0');
INSERT INTO `menu` VALUES ('25', '21', '2020-02-07 16:31:13', '资源列表', '1', '0', 'resource', 'ums-resource', '0');

-- ----------------------------
-- Table structure for permission
-- ----------------------------
DROP TABLE IF EXISTS `permission`;
CREATE TABLE `permission` (
  `id` bigint(20) NOT NULL AUTO_INCREMENT,
  `pid` bigint(20) DEFAULT NULL COMMENT '父级权限id',
  `name` varchar(100) DEFAULT NULL COMMENT '名称',
  `value` varchar(200) DEFAULT NULL COMMENT '权限值',
  `icon` varchar(500) DEFAULT NULL COMMENT '图标',
  `type` int(1) DEFAULT NULL COMMENT '权限类型：0->目录；1->菜单；2->按钮（接口绑定权限）',
  `uri` varchar(200) DEFAULT NULL COMMENT '前端资源路径',
  `status` int(1) DEFAULT NULL COMMENT '启用状态；0->禁用；1->启用',
  `create_time` datetime DEFAULT NULL COMMENT '创建时间',
  `sort` int(11) DEFAULT NULL COMMENT '排序',
  PRIMARY KEY (`id`)
) ENGINE=InnoDB AUTO_INCREMENT=19 DEFAULT CHARSET=utf8 COMMENT='后台用户权限表';

-- ----------------------------
-- Records of permission
-- ----------------------------
INSERT INTO `permission` VALUES ('1', '0', '商品', null, null, '0', null, '1', '2018-09-29 16:15:14', '0');
INSERT INTO `permission` VALUES ('2', '1', '商品列表', 'pms:product:read', null, '1', '/pms/product/index', '1', '2018-09-29 16:17:01', '0');
INSERT INTO `permission` VALUES ('3', '1', '添加商品', 'pms:product:create', null, '1', '/pms/product/add', '1', '2018-09-29 16:18:51', '0');
INSERT INTO `permission` VALUES ('4', '1', '商品分类', 'pms:productCategory:read', null, '1', '/pms/productCate/index', '1', '2018-09-29 16:23:07', '0');
INSERT INTO `permission` VALUES ('5', '1', '商品类型', 'pms:productAttribute:read', null, '1', '/pms/productAttr/index', '1', '2018-09-29 16:24:43', '0');
INSERT INTO `permission` VALUES ('6', '1', '品牌管理', 'pms:brand:read', null, '1', '/pms/brand/index', '1', '2018-09-29 16:25:45', '0');
INSERT INTO `permission` VALUES ('7', '2', '编辑商品', 'pms:product:update', null, '2', '/pms/product/updateProduct', '1', '2018-09-29 16:34:23', '0');
INSERT INTO `permission` VALUES ('8', '2', '删除商品', 'pms:product:delete', null, '2', '/pms/product/delete', '1', '2018-09-29 16:38:33', '0');
INSERT INTO `permission` VALUES ('9', '4', '添加商品分类', 'pms:productCategory:create', null, '2', '/pms/productCate/create', '1', '2018-09-29 16:43:23', '0');
INSERT INTO `permission` VALUES ('10', '4', '修改商品分类', 'pms:productCategory:update', null, '2', '/pms/productCate/update', '1', '2018-09-29 16:43:55', '0');
INSERT INTO `permission` VALUES ('11', '4', '删除商品分类', 'pms:productCategory:delete', null, '2', '/pms/productAttr/delete', '1', '2018-09-29 16:44:38', '0');
INSERT INTO `permission` VALUES ('12', '5', '添加商品类型', 'pms:productAttribute:create', null, '2', '/pms/productAttr/create', '1', '2018-09-29 16:45:25', '0');
INSERT INTO `permission` VALUES ('13', '5', '修改商品类型', 'pms:productAttribute:update', null, '2', '/pms/productAttr/update', '1', '2018-09-29 16:48:08', '0');
INSERT INTO `permission` VALUES ('14', '5', '删除商品类型', 'pms:productAttribute:delete', null, '2', '/pms/productAttr/delete', '1', '2018-09-29 16:48:44', '0');
INSERT INTO `permission` VALUES ('15', '6', '添加品牌', 'pms:brand:create', null, '2', '/pms/brand/add', '1', '2018-09-29 16:49:34', '0');
INSERT INTO `permission` VALUES ('16', '6', '修改品牌', 'pms:brand:update', null, '2', '/pms/brand/update', '1', '2018-09-29 16:50:55', '0');
INSERT INTO `permission` VALUES ('17', '6', '删除品牌', 'pms:brand:delete', null, '2', '/pms/brand/delete', '1', '2018-09-29 16:50:59', '0');
INSERT INTO `permission` VALUES ('18', '0', '首页', null, null, '0', null, '1', '2018-09-29 16:51:57', '0');

-- ----------------------------
-- Table structure for resource
-- ----------------------------
DROP TABLE IF EXISTS `resource`;
CREATE TABLE `resource` (
  `id` bigint(20) NOT NULL AUTO_INCREMENT,
  `create_time` datetime DEFAULT NULL COMMENT '创建时间',
  `name` varchar(200) DEFAULT NULL COMMENT '资源名称',
  `url` varchar(200) DEFAULT NULL COMMENT '资源URL',
  `description` varchar(500) DEFAULT NULL COMMENT '描述',
  `category_id` bigint(20) DEFAULT NULL COMMENT '资源分类ID',
  PRIMARY KEY (`id`)
) ENGINE=InnoDB AUTO_INCREMENT=31 DEFAULT CHARSET=utf8 COMMENT='后台资源表';

-- ----------------------------
-- Records of resource
-- ----------------------------
INSERT INTO `resource` VALUES ('1', '2020-02-04 17:04:55', '商品品牌管理', '/brand/**', null, '1');
INSERT INTO `resource` VALUES ('2', '2020-02-04 17:05:35', '商品属性分类管理', '/productAttribute/**', null, '1');
INSERT INTO `resource` VALUES ('3', '2020-02-04 17:06:13', '商品属性管理', '/productAttribute/**', null, '1');
INSERT INTO `resource` VALUES ('4', '2020-02-04 17:07:15', '商品分类管理', '/productCategory/**', null, '1');
INSERT INTO `resource` VALUES ('5', '2020-02-04 17:09:16', '商品管理', '/product/**', null, '1');
INSERT INTO `resource` VALUES ('6', '2020-02-04 17:09:53', '商品库存管理', '/sku/**', null, '1');
INSERT INTO `resource` VALUES ('8', '2020-02-05 14:43:37', '订单管理', '/order/**', '', '2');
INSERT INTO `resource` VALUES ('9', '2020-02-05 14:44:22', ' 订单退货申请管理', '/returnApply/**', '', '2');
INSERT INTO `resource` VALUES ('10', '2020-02-05 14:45:08', '退货原因管理', '/returnReason/**', '', '2');
INSERT INTO `resource` VALUES ('11', '2020-02-05 14:45:43', '订单设置管理', '/orderSetting/**', '', '2');
INSERT INTO `resource` VALUES ('12', '2020-02-05 14:46:23', '收货地址管理', '/companyAddress/**', '', '2');
INSERT INTO `resource` VALUES ('13', '2020-02-07 16:37:22', '优惠券管理', '/coupon/**', '', '3');
INSERT INTO `resource` VALUES ('14', '2020-02-07 16:37:59', '优惠券领取记录管理', '/couponHistory/**', '', '3');
INSERT INTO `resource` VALUES ('15', '2020-02-07 16:38:28', '限时购活动管理', '/flash/**', '', '3');
INSERT INTO `resource` VALUES ('16', '2020-02-07 16:38:59', '限时购商品关系管理', '/flashProductRelation/**', '', '3');
INSERT INTO `resource` VALUES ('17', '2020-02-07 16:39:22', '限时购场次管理', '/flashSession/**', '', '3');
INSERT INTO `resource` VALUES ('18', '2020-02-07 16:40:07', '首页轮播广告管理', '/home/advertise/**', '', '3');
INSERT INTO `resource` VALUES ('19', '2020-02-07 16:40:34', '首页品牌管理', '/home/brand/**', '', '3');
INSERT INTO `resource` VALUES ('20', '2020-02-07 16:41:06', '首页新品管理', '/home/newProduct/**', '', '3');
INSERT INTO `resource` VALUES ('21', '2020-02-07 16:42:16', '首页人气推荐管理', '/home/recommendProduct/**', '', '3');
INSERT INTO `resource` VALUES ('22', '2020-02-07 16:42:48', '首页专题推荐管理', '/home/recommendSubject/**', '', '3');
INSERT INTO `resource` VALUES ('23', '2020-02-07 16:44:56', ' 商品优选管理', '/prefrenceArea/**', '', '5');
INSERT INTO `resource` VALUES ('24', '2020-02-07 16:45:39', '商品专题管理', '/subject/**', '', '5');
INSERT INTO `resource` VALUES ('25', '2020-02-07 16:47:34', '后台用户管理', '/admin/**', '', '4');
INSERT INTO `resource` VALUES ('26', '2020-02-07 16:48:24', '后台用户角色管理', '/role/**', '', '4');
INSERT INTO `resource` VALUES ('27', '2020-02-07 16:48:48', '后台菜单管理', '/menu/**', '', '4');
INSERT INTO `resource` VALUES ('28', '2020-02-07 16:49:18', '后台资源分类管理', '/resourceCategory/**', '', '4');
INSERT INTO `resource` VALUES ('29', '2020-02-07 16:49:45', '后台资源管理', '/resource/**', '', '4');

-- ----------------------------
-- Table structure for resource_category
-- ----------------------------
DROP TABLE IF EXISTS `resource_category`;
CREATE TABLE `resource_category` (
  `id` bigint(20) NOT NULL AUTO_INCREMENT,
  `create_time` datetime DEFAULT NULL COMMENT '创建时间',
  `name` varchar(200) DEFAULT NULL COMMENT '分类名称',
  `sort` int(4) DEFAULT NULL COMMENT '排序',
  PRIMARY KEY (`id`)
) ENGINE=InnoDB AUTO_INCREMENT=8 DEFAULT CHARSET=utf8 COMMENT='资源分类表';

-- ----------------------------
-- Records of resource_category
-- ----------------------------
INSERT INTO `resource_category` VALUES ('1', '2020-02-05 10:21:44', '商品模块', '0');
INSERT INTO `resource_category` VALUES ('2', '2020-02-05 10:22:34', '订单模块', '0');
INSERT INTO `resource_category` VALUES ('3', '2020-02-05 10:22:48', '营销模块', '0');
INSERT INTO `resource_category` VALUES ('4', '2020-02-05 10:23:04', '权限模块', '0');
INSERT INTO `resource_category` VALUES ('5', '2020-02-07 16:34:27', '内容模块', '0');
INSERT INTO `resource_category` VALUES ('6', '2020-02-07 16:35:49', '其他模块', '0');

-- ----------------------------
-- Table structure for role
-- ----------------------------
DROP TABLE IF EXISTS `role`;
CREATE TABLE `role` (
  `id` bigint(20) NOT NULL AUTO_INCREMENT,
  `name` varchar(100) DEFAULT NULL COMMENT '名称',
  `description` varchar(500) DEFAULT NULL COMMENT '描述',
  `admin_count` int(11) DEFAULT NULL COMMENT '后台用户数量',
  `create_time` datetime DEFAULT NULL COMMENT '创建时间',
  `status` int(1) DEFAULT '1' COMMENT '启用状态：0->禁用；1->启用',
  `sort` int(11) DEFAULT '0',
  PRIMARY KEY (`id`)
) ENGINE=InnoDB AUTO_INCREMENT=8 DEFAULT CHARSET=utf8 COMMENT='后台用户角色表';

-- ----------------------------
-- Records of role
-- ----------------------------
INSERT INTO `role` VALUES ('1', '商品管理员', '只能查看及操作商品', '0', '2020-02-03 16:50:37', '1', '0');
INSERT INTO `role` VALUES ('2', '订单管理员', '只能查看及操作订单', '0', '2018-09-30 15:53:45', '1', '0');
INSERT INTO `role` VALUES ('5', '超级管理员', '拥有所有查看和操作功能', '0', '2020-02-02 15:11:05', '1', '0');

-- ----------------------------
-- Table structure for role_menu_relation
-- ----------------------------
DROP TABLE IF EXISTS `role_menu_relation`;
CREATE TABLE `role_menu_relation` (
  `id` bigint(20) NOT NULL AUTO_INCREMENT,
  `role_id` bigint(20) DEFAULT NULL COMMENT '角色ID',
  `menu_id` bigint(20) DEFAULT NULL COMMENT '菜单ID',
  PRIMARY KEY (`id`)
) ENGINE=InnoDB AUTO_INCREMENT=96 DEFAULT CHARSET=utf8 COMMENT='后台角色菜单关系表';

-- ----------------------------
-- Records of role_menu_relation
-- ----------------------------
INSERT INTO `role_menu_relation` VALUES ('33', '1', '1');
INSERT INTO `role_menu_relation` VALUES ('34', '1', '2');
INSERT INTO `role_menu_relation` VALUES ('35', '1', '3');
INSERT INTO `role_menu_relation` VALUES ('36', '1', '4');
INSERT INTO `role_menu_relation` VALUES ('37', '1', '5');
INSERT INTO `role_menu_relation` VALUES ('38', '1', '6');
INSERT INTO `role_menu_relation` VALUES ('53', '2', '7');
INSERT INTO `role_menu_relation` VALUES ('54', '2', '8');
INSERT INTO `role_menu_relation` VALUES ('55', '2', '9');
INSERT INTO `role_menu_relation` VALUES ('56', '2', '10');
INSERT INTO `role_menu_relation` VALUES ('57', '2', '11');
INSERT INTO `role_menu_relation` VALUES ('72', '5', '1');
INSERT INTO `role_menu_relation` VALUES ('73', '5', '2');
INSERT INTO `role_menu_relation` VALUES ('74', '5', '3');
INSERT INTO `role_menu_relation` VALUES ('75', '5', '4');
INSERT INTO `role_menu_relation` VALUES ('76', '5', '5');
INSERT INTO `role_menu_relation` VALUES ('77', '5', '6');
INSERT INTO `role_menu_relation` VALUES ('78', '5', '7');
INSERT INTO `role_menu_relation` VALUES ('79', '5', '8');
INSERT INTO `role_menu_relation` VALUES ('80', '5', '9');
INSERT INTO `role_menu_relation` VALUES ('81', '5', '10');
INSERT INTO `role_menu_relation` VALUES ('82', '5', '11');
INSERT INTO `role_menu_relation` VALUES ('83', '5', '12');
INSERT INTO `role_menu_relation` VALUES ('84', '5', '13');
INSERT INTO `role_menu_relation` VALUES ('85', '5', '14');
INSERT INTO `role_menu_relation` VALUES ('86', '5', '16');
INSERT INTO `role_menu_relation` VALUES ('87', '5', '17');
INSERT INTO `role_menu_relation` VALUES ('88', '5', '18');
INSERT INTO `role_menu_relation` VALUES ('89', '5', '19');
INSERT INTO `role_menu_relation` VALUES ('90', '5', '20');
INSERT INTO `role_menu_relation` VALUES ('91', '5', '21');
INSERT INTO `role_menu_relation` VALUES ('92', '5', '22');
INSERT INTO `role_menu_relation` VALUES ('93', '5', '23');
INSERT INTO `role_menu_relation` VALUES ('94', '5', '24');
INSERT INTO `role_menu_relation` VALUES ('95', '5', '25');

-- ----------------------------
-- Table structure for role_permission_relation
-- ----------------------------
DROP TABLE IF EXISTS `role_permission_relation`;
CREATE TABLE `role_permission_relation` (
  `id` bigint(20) NOT NULL AUTO_INCREMENT,
  `role_id` bigint(20) DEFAULT NULL,
  `permission_id` bigint(20) DEFAULT NULL,
  PRIMARY KEY (`id`)
) ENGINE=InnoDB AUTO_INCREMENT=18 DEFAULT CHARSET=utf8 COMMENT='后台用户角色和权限关系表';

-- ----------------------------
-- Records of role_permission_relation
-- ----------------------------
INSERT INTO `role_permission_relation` VALUES ('1', '1', '1');
INSERT INTO `role_permission_relation` VALUES ('2', '1', '2');
INSERT INTO `role_permission_relation` VALUES ('3', '1', '3');
INSERT INTO `role_permission_relation` VALUES ('4', '1', '7');
INSERT INTO `role_permission_relation` VALUES ('5', '1', '8');
INSERT INTO `role_permission_relation` VALUES ('6', '2', '4');
INSERT INTO `role_permission_relation` VALUES ('7', '2', '9');
INSERT INTO `role_permission_relation` VALUES ('8', '2', '10');
INSERT INTO `role_permission_relation` VALUES ('9', '2', '11');
INSERT INTO `role_permission_relation` VALUES ('10', '3', '5');
INSERT INTO `role_permission_relation` VALUES ('11', '3', '12');
INSERT INTO `role_permission_relation` VALUES ('12', '3', '13');
INSERT INTO `role_permission_relation` VALUES ('13', '3', '14');
INSERT INTO `role_permission_relation` VALUES ('14', '4', '6');
INSERT INTO `role_permission_relation` VALUES ('15', '4', '15');
INSERT INTO `role_permission_relation` VALUES ('16', '4', '16');
INSERT INTO `role_permission_relation` VALUES ('17', '4', '17');

-- ----------------------------
-- Table structure for role_resource_relation
-- ----------------------------
DROP TABLE IF EXISTS `role_resource_relation`;
CREATE TABLE `role_resource_relation` (
  `id` bigint(20) NOT NULL AUTO_INCREMENT,
  `role_id` bigint(20) DEFAULT NULL COMMENT '角色ID',
  `resource_id` bigint(20) DEFAULT NULL COMMENT '资源ID',
  PRIMARY KEY (`id`)
) ENGINE=InnoDB AUTO_INCREMENT=178 DEFAULT CHARSET=utf8 COMMENT='后台角色资源关系表';

-- ----------------------------
-- Records of role_resource_relation
-- ----------------------------
INSERT INTO `role_resource_relation` VALUES ('103', '2', '8');
INSERT INTO `role_resource_relation` VALUES ('104', '2', '9');
INSERT INTO `role_resource_relation` VALUES ('105', '2', '10');
INSERT INTO `role_resource_relation` VALUES ('106', '2', '11');
INSERT INTO `role_resource_relation` VALUES ('107', '2', '12');
INSERT INTO `role_resource_relation` VALUES ('142', '5', '1');
INSERT INTO `role_resource_relation` VALUES ('143', '5', '2');
INSERT INTO `role_resource_relation` VALUES ('144', '5', '3');
INSERT INTO `role_resource_relation` VALUES ('145', '5', '4');
INSERT INTO `role_resource_relation` VALUES ('146', '5', '5');
INSERT INTO `role_resource_relation` VALUES ('147', '5', '6');
INSERT INTO `role_resource_relation` VALUES ('148', '5', '8');
INSERT INTO `role_resource_relation` VALUES ('149', '5', '9');
INSERT INTO `role_resource_relation` VALUES ('150', '5', '10');
INSERT INTO `role_resource_relation` VALUES ('151', '5', '11');
INSERT INTO `role_resource_relation` VALUES ('152', '5', '12');
INSERT INTO `role_resource_relation` VALUES ('153', '5', '13');
INSERT INTO `role_resource_relation` VALUES ('154', '5', '14');
INSERT INTO `role_resource_relation` VALUES ('155', '5', '15');
INSERT INTO `role_resource_relation` VALUES ('156', '5', '16');
INSERT INTO `role_resource_relation` VALUES ('157', '5', '17');
INSERT INTO `role_resource_relation` VALUES ('158', '5', '18');
INSERT INTO `role_resource_relation` VALUES ('159', '5', '19');
INSERT INTO `role_resource_relation` VALUES ('160', '5', '20');
INSERT INTO `role_resource_relation` VALUES ('161', '5', '21');
INSERT INTO `role_resource_relation` VALUES ('162', '5', '22');
INSERT INTO `role_resource_relation` VALUES ('163', '5', '23');
INSERT INTO `role_resource_relation` VALUES ('164', '5', '24');
INSERT INTO `role_resource_relation` VALUES ('165', '5', '25');
INSERT INTO `role_resource_relation` VALUES ('166', '5', '26');
INSERT INTO `role_resource_relation` VALUES ('167', '5', '27');
INSERT INTO `role_resource_relation` VALUES ('168', '5', '28');
INSERT INTO `role_resource_relation` VALUES ('169', '5', '29');
INSERT INTO `role_resource_relation` VALUES ('170', '1', '1');
INSERT INTO `role_resource_relation` VALUES ('171', '1', '2');
INSERT INTO `role_resource_relation` VALUES ('172', '1', '3');
INSERT INTO `role_resource_relation` VALUES ('173', '1', '4');
INSERT INTO `role_resource_relation` VALUES ('174', '1', '5');
INSERT INTO `role_resource_relation` VALUES ('175', '1', '6');
INSERT INTO `role_resource_relation` VALUES ('176', '1', '23');
INSERT INTO `role_resource_relation` VALUES ('177', '1', '24');